sss,Job
Huston,Team Lead at Planteks
Kiev,Software Engineer at Planteks
NY,Developer at Google
Kiev,Software Engineer at Google
Huston,Software Engineer at Google
Huston,Team Lead at Fazan
NY,Team Lead at Fazan
Kiev,Team Lead at Google
Huston,Developer at Fazan
NY,Developer at Fazan
Huston,Software Engineer at Fazan
NY,Tech Lead at Fazan
NY,Software Engineer at Google
NY,Tech Lead at Fazan
Huston,Tech Lead at Google
NY,Developer at Planteks
NY,Tech Lead at Google
Huston,Developer at Google
Huston,Software Engineer at Google
Kiev,Tech Lead at Google
NY,Developer at Planteks
Kiev,Software Engineer at Fazan
Kiev,Tech Lead at Planteks
NY,Developer at Google
NY,Developer at Google
Kiev,Software Engineer at Planteks
NY,Developer at Google
Huston,Team Lead at Fazan
NY,Team Lead at Google
Kiev,Developer at Fazan
NY,Tech Lead at Google
NY,Developer at Planteks
Huston,Team Lead at Planteks
Huston,Developer at Fazan
NY,Team Lead at Planteks
Huston,Software Engineer at Fazan
NY,Developer at Planteks
NY,Tech Lead at Google
Kiev,Software Engineer at Fazan
NY,Software Engineer at Planteks
